Date,Item Name,Low Price,Average Price,High Price
10-12-2024,જામફળ,400,750,1100
10-12-2024,દાડમ,500,950,1400
10-12-2024,સફરજન,1200,1600,2000
10-12-2024,ચીકુ,600,800,1000
10-12-2024,પોપૈયા,500,550,600
10-12-2024,સીતાફળ,500,800,1100
10-12-2024,કેળા,400,450,500
10-12-2024,સંતરા,500,600,700
10-12-2024,તરબૂચ,100,150,200
10-12-2024,સ્ટ્રોબેરી,3000,3250,3500
10-12-2024,માલટા,400,600,800
10-12-2024,ક્મલમ,1400,1700,2000
10-12-2024,મોસંબી,800,950,1100
10-12-2024,ટેટી,600,650,700
10-12-2024,બોર,400,500,600
10-12-2024,કીવી,5000,5500,6000
11-12-2024,જામફળ,500,750,1000
11-12-2024,દાડમ,400,700,1000
11-12-2024,ચીકુ,600,900,1200
11-12-2024,પોપૈયા,400,500,600
11-12-2024,સીતાફળ,400,750,1100
11-12-2024,કેળા,450,525,600
11-12-2024,સંતરા,1000,2300,3600
11-12-2024,તરબૂચ,100,140,180
11-12-2024,સ્ટ્રોબેરી,3000,3500,4000
11-12-2024,માલટા,400,650,900
11-12-2024,ક્મલમ,1400,2200,3000
11-12-2024,મોસંબી,500,750,1000
11-12-2024,બોર,500,550,600
12-12-2024,જામફળ,400,600,800
12-12-2024,દાડમ,600,1100,1600
12-12-2024,સફરજન,1600,1800,2000
12-12-2024,ચીકુ,700,850,1000
12-12-2024,સીતાફળ,500,900,1300
12-12-2024,કેળા,400,450,500
12-12-2024,સંતરા,400,500,600
12-12-2024,તરબૂચ,100,150,200
12-12-2024,માલટા,300,550,800
12-12-2024,ક્મલમ,1400,1900,2400
12-12-2024,મોસંબી,400,700,1000
12-12-2024,ટેટી,400,530,660
12-12-2024,બોર,300,500,700
12-12-2024,કીવી,6200,6700,7200
13-12-2024,જામફળ,400,700,1000
13-12-2024,દાડમ,500,1050,1600
13-12-2024,સફરજન,1000,2300,3600
13-12-2024,ચીકુ,600,800,1000
13-12-2024,પોપૈયા,500,550,600
13-12-2024,સીતાફળ,500,850,1200
13-12-2024,કેળા,440,500,560
13-12-2024,સંતરા,400,550,700
13-12-2024,તરબૂચ,80,140,200
13-12-2024,સ્ટ્રોબેરી,4000,4250,4500
13-12-2024,માલટા,400,700,1000
13-12-2024,ક્મલમ,2000,2400,2800
13-12-2024,ગુલાબ,4600,5000,5400
13-12-2024,આબલી,14200,14600,15000
13-12-2024,મોસંબી,500,750,1000
13-12-2024,ટેટી,600,650,700
13-12-2024,બોર,300,550,800
13-12-2024,દ્રાક્ષ,4800,5200,5600
13-12-2024,આલુચા,1200,1400,1600
14-12-2024,જામફળ,200,600,1000
14-12-2024,દાડમ,700,1000,1300
14-12-2024,સફરજન,1400,1700,2000
14-12-2024,ચીકુ,400,700,1000
14-12-2024,પોપૈયા,420,460,500
14-12-2024,કેળા,450,500,550
14-12-2024,સંતરા,300,450,600
14-12-2024,તરબૂચ,60,130,200
14-12-2024,માલટા,500,650,800
14-12-2024,ક્મલમ,1400,1900,2400
14-12-2024,મોસંબી,600,800,1000
14-12-2024,બોર,200,600,1000
14-12-2024,દ્રાક્ષ,5000,5300,5600
14-12-2024,કીવી,5000,5500,6000
15-12-2024,જામફળ,400,700,1000
15-12-2024,દાડમ,400,800,1200
15-12-2024,સફરજન,1000,2400,3800
15-12-2024,પોપૈયા,450,500,550
15-12-2024,કેળા,440,500,560
15-12-2024,સંતરા,800,1250,1700
15-12-2024,તરબૂચ,100,150,200
15-12-2024,સ્ટ્રોબેરી,2500,3500,4500
15-12-2024,માલટા,800,850,900
15-12-2024,ગુલાબ,4500,4750,5000
15-12-2024,અનાનસ,600,700,800
15-12-2024,આબલી,14000,14500,15000
15-12-2024,મોસંબી,400,700,1000
15-12-2024,ટેટી,500,550,600
16-12-2024,જામફળ,500,750,1000
16-12-2024,દાડમ,700,1550,2400
16-12-2024,સફરજન,1200,1600,2000
16-12-2024,ચીકુ,700,800,900
16-12-2024,સીતાફળ,500,750,1000
16-12-2024,કેળા,400,500,600
16-12-2024,સંતરા,300,450,600
16-12-2024,તરબૂચ,50,125,200
16-12-2024,સ્ટ્રોબેરી,4000,4500,5000
16-12-2024,માલટા,400,650,900
16-12-2024,ક્મલમ,1000,1200,1400
16-12-2024,ટેટી,650,700,750
16-12-2024,બોર,600,700,800
16-12-2024,દ્રાક્ષ,3000,3250,3500
16-12-2024,કીવી,4400,5000,5600
18-12-2024,જામફળ,800,900,1000
18-12-2024,દાડમ,1000,1400,1800
18-12-2024,સફરજન,1600,1800,2000
18-12-2024,ચીકુ,500,800,1100
18-12-2024,સીતાફળ,400,700,1000
18-12-2024,કેળા,500,550,600
18-12-2024,સંતરા,400,500,600
18-12-2024,તરબૂચ,120,165,210
18-12-2024,માલટા,400,650,900
18-12-2024,ક્મલમ,1200,1800,2400
18-12-2024,મોસંબી,400,650,900
18-12-2024,ટેટી,600,700,800
18-12-2024,બોર,500,650,800
18-12-2024,કીવી,3000,4000,5000
19-12-2024,જામફળ,700,900,1100
19-12-2024,દાડમ,800,1100,1400
19-12-2024,ચીકુ,800,900,1000
19-12-2024,પોપૈયા,400,600,800
19-12-2024,સીતાફળ,800,1000,1200
19-12-2024,કેળા,450,515,580
19-12-2024,સંતરા,600,700,800
19-12-2024,તરબૂચ,100,150,200
19-12-2024,સ્ટ્રોબેરી,3000,3750,4500
19-12-2024,માલટા,500,750,1000
19-12-2024,મોસંબી,400,600,800
19-12-2024,ટેટી,400,500,600
19-12-2024,બોર,800,1000,1200
19-12-2024,દ્રાક્ષ,1200,1600,2000
19-12-2024,કીવી,2500,3250,4000
20-12-2024,જામફળ,800,900,1000
20-12-2024,દાડમ,600,1050,1500
20-12-2024,સફરજન,1600,2100,2600
20-12-2024,ચીકુ,600,800,1000
20-12-2024,પોપૈયા,400,500,600
20-12-2024,સીતાફળ,600,950,1300
20-12-2024,કેળા,450,500,550
20-12-2024,સંતરા,700,850,1000
20-12-2024,તરબૂચ,120,170,220
20-12-2024,સ્ટ્રોબેરી,3500,4050,4600
20-12-2024,માલટા,400,600,800
20-12-2024,ક્મલમ,1800,2000,2200
20-12-2024,ટેટી,500,600,700
20-12-2024,બોર,600,950,1300
20-12-2024,દ્રાક્ષ,3200,3400,3600
20-12-2024,કીવી,3000,4500,6000
21-12-2024,જામફળ,300,650,1000
21-12-2024,દાડમ,400,900,1400
21-12-2024,સીતાફળ,500,850,1200
21-12-2024,કેળા,450,525,600
21-12-2024,સંતરા,400,600,800
21-12-2024,તરબૂચ,50,100,150
21-12-2024,સ્ટ્રોબેરી,2500,2750,3000
21-12-2024,માલટા,300,550,800
21-12-2024,ટેટી,400,560,720
21-12-2024,બોર,400,700,1000
21-12-2024,દ્રાક્ષ,4000,4250,4500
21-12-2024,કીવી,5000,5500,6000
22-12-2024,દાડમ,500,1250,2000
22-12-2024,ચીકુ,500,750,1000
22-12-2024,પોપૈયા,500,600,700
22-12-2024,કેળા,440,510,580
22-12-2024,સંતરા,400,500,600
22-12-2024,તરબૂચ,100,140,180
22-12-2024,માલટા,400,600,800
22-12-2024,ક્મલમ,1500,1650,1800
22-12-2024,મોસંબી,400,650,900
22-12-2024,ટેટી,300,500,700
23-12-2024,જામફળ,400,700,1000
23-12-2024,દાડમ,800,1500,2200
23-12-2024,સફરજન,1600,2000,2400
23-12-2024,ચીકુ,800,900,1000
23-12-2024,સીતાફળ,400,700,1000
23-12-2024,કેળા,450,525,600
23-12-2024,સંતરા,1000,2000,3000
23-12-2024,તરબૂચ,80,120,160
23-12-2024,સ્ટ્રોબેરી,2000,2500,3000
23-12-2024,માલટા,500,700,900
23-12-2024,ક્મલમ,1600,2000,2400
23-12-2024,ગુલાબ,3800,4000,4200
23-12-2024,મોસંબી,600,800,1000
23-12-2024,ટેટી,400,600,800
23-12-2024,બોર,600,1050,1500
23-12-2024,દ્રાક્ષ,3500,3750,4000
23-12-2024,કીવી,5000,5500,6000
24-12-2024,જામફળ,500,750,1000
24-12-2024,દાડમ,400,950,1500
24-12-2024,સફરજન,1200,2250,3300
24-12-2024,ચીકુ,700,850,1000
24-12-2024,પોપૈયા,420,460,500
24-12-2024,સીતાફળ,500,750,1000
24-12-2024,કેળા,400,450,500
24-12-2024,સંતરા,1000,2400,3800
24-12-2024,તરબૂચ,60,100,140
24-12-2024,સ્ટ્રોબેરી,2200,2700,3200
24-12-2024,માલટા,400,600,800
24-12-2024,ક્મલમ,1400,1900,2400
24-12-2024,મોસંબી,500,700,900
24-12-2024,ટેટી,200,450,700
24-12-2024,બોર,400,700,1000
24-12-2024,દ્રાક્ષ,3500,3625,3750
25-12-2024,જામફળ,600,900,1200
25-12-2024,દાડમ,800,1550,2300
25-12-2024,સફરજન,1800,2400,3000
25-12-2024,ચીકુ,600,850,1100
25-12-2024,પોપૈયા,500,550,600
25-12-2024,સીતાફળ,400,600,800
25-12-2024,સંતરા,600,800,1000
25-12-2024,તરબૂચ,80,120,160
25-12-2024,સ્ટ્રોબેરી,2000,3250,4500
25-12-2024,માલટા,500,700,900
25-12-2024,ક્મલમ,1500,1850,2200
25-12-2024,મોસંબી,400,700,1000
25-12-2024,ટેટી,400,550,700
25-12-2024,બોર,800,1000,1200
25-12-2024,દ્રાક્ષ,1200,1300,1400
25-12-2024,કીવી,5600,5800,6000
26-12-2024,જામફળ,400,750,1100
26-12-2024,દાડમ,1000,1500,2000
26-12-2024,સફરજન,1600,2200,2800
26-12-2024,ચીકુ,600,800,1000
26-12-2024,પોપૈયા,400,490,580
26-12-2024,સીતાફળ,400,800,1200
26-12-2024,કેળા,440,500,560
26-12-2024,તરબૂચ,100,140,180
26-12-2024,સ્ટ્રોબેરી,2500,3250,4000
26-12-2024,માલટા,400,600,800
26-12-2024,આબલી,7000,7500,8000
26-12-2024,લિચી,4500,4750,5000
26-12-2024,મોસંબી,800,1000,1200
26-12-2024,ટેટી,600,700,800
26-12-2024,બોર,500,900,1300
26-12-2024,દ્રાક્ષ,1600,2600,3600
27-12-2024,જામફળ,500,850,1200
27-12-2024,દાડમ,700,1250,1800
27-12-2024,સફરજન,1400,1700,2000
27-12-2024,ચીકુ,800,850,900
27-12-2024,પોપૈયા,400,450,500
27-12-2024,સંતરા,300,550,800
27-12-2024,તરબૂચ,60,100,140
27-12-2024,સ્ટ્રોબેરી,2000,2900,3800
27-12-2024,માલટા,500,700,900
27-12-2024,ક્મલમ,1000,1500,2000
27-12-2024,મોસંબી,600,900,1200
27-12-2024,ટેટી,500,600,700
27-12-2024,બોર,600,900,1200
27-12-2024,દ્રાક્ષ,1400,2200,3000
28-12-2024,જામફળ,400,700,1000
28-12-2024,દાડમ,500,1050,1600
28-12-2024,સફરજન,1500,2000,2500
28-12-2024,ચીકુ,600,750,900
28-12-2024,પોપૈયા,500,520,540
28-12-2024,સીતાફળ,300,550,800
28-12-2024,કેળા,510,525,540
28-12-2024,તરબૂચ,70,105,140
28-12-2024,સ્ટ્રોબેરી,2000,2500,3000
28-12-2024,માલટા,340,570,800
28-12-2024,ક્મલમ,1400,1600,1800
28-12-2024,મોસંબી,400,600,800
28-12-2024,બોર,400,750,1100
28-12-2024,દ્રાક્ષ,2000,2200,2400
28-12-2024,કીવી,5400,5700,6000
29-12-2024,જામફળ,300,550,800
29-12-2024,દાડમ,400,950,1500
29-12-2024,સફરજન,1400,1900,2400
29-12-2024,પોપૈયા,400,450,500
29-12-2024,સીતાફળ,400,550,700
29-12-2024,તરબૂચ,80,120,160
29-12-2024,સ્ટ્રોબેરી,2100,2650,3200
29-12-2024,માલટા,600,700,800
29-12-2024,મોસંબી,400,650,900
29-12-2024,ટેટી,300,450,600
29-12-2024,દ્રાક્ષ,800,1200,1600
30-12-2024,જામફળ,500,750,1000
30-12-2024,દાડમ,1000,1700,2400
30-12-2024,સફરજન,2000,2200,2400
30-12-2024,ચીકુ,600,700,800
30-12-2024,પોપૈયા,300,420,540
30-12-2024,સીતાફળ,500,750,1000
30-12-2024,કેળા,450,525,600
30-12-2024,સંતરા,300,450,600
30-12-2024,તરબૂચ,60,100,140
30-12-2024,સ્ટ્રોબેરી,2000,2750,3500
30-12-2024,માલટા,400,650,900
30-12-2024,ક્મલમ,1500,1700,1900
30-12-2024,મોસંબી,500,750,1000
30-12-2024,ટેટી,400,550,700
30-12-2024,બોર,400,750,1100
30-12-2024,દ્રાક્ષ,1200,1700,2200
30-12-2024,કીવી,5500,5750,6000
31-12-2024,જામફળ,400,750,1100
31-12-2024,દાડમ,800,1200,1600
31-12-2024,સફરજન,1600,1950,2300
31-12-2024,ચીકુ,700,800,900
31-12-2024,પોપૈયા,340,445,550
31-12-2024,સીતાફળ,400,800,1200
31-12-2024,કેળા,500,550,600
31-12-2024,તરબૂચ,80,120,160
31-12-2024,સ્ટ્રોબેરી,2000,2500,3000
31-12-2024,માલટા,500,650,800
31-12-2024,ક્મલમ,1600,1800,2000
31-12-2024,ટેટી,600,700,800
31-12-2024,બોર,800,1100,1400
31-12-2024,દ્રાક્ષ,2000,2100,2200
01-01-2025,જામફળ,400,700,1000
01-01-2025,દાડમ,500,1050,1600
01-01-2025,સફરજન,1200,1800,2400
01-01-2025,ચીકુ,500,750,1000
01-01-2025,પોપૈયા,500,520,540
01-01-2025,કેળા,440,510,580
01-01-2025,સંતરા,300,450,600
01-01-2025,તરબૂચ,60,90,120
01-01-2025,સ્ટ્રોબેરી,1800,2150,2500
01-01-2025,માલટા,400,600,800
01-01-2025,ક્મલમ,1600,1700,1800
01-01-2025,મોસંબી,400,650,900
01-01-2025,બોર,400,790,1180
01-01-2025,દ્રાક્ષ,1000,1700,2400
02-01-2025,જામફળ,300,700,1100
02-01-2025,દાડમ,600,1100,1600
02-01-2025,સફરજન,2000,2700,3400
02-01-2025,ચીકુ,700,800,900
02-01-2025,પોપૈયા,200,350,500
02-01-2025,સીતાફળ,400,750,1100
02-01-2025,કેળા,450,525,600
02-01-2025,તરબૂચ,60,100,140
02-01-2025,સ્ટ્રોબેરી,2000,2125,2250
02-01-2025,માલટા,500,670,840
02-01-2025,અનાનસ,600,800,1000
02-01-2025,મોસંબી,400,600,800
02-01-2025,ટેટી,200,450,700
02-01-2025,બોર,500,850,1200
02-01-2025,દ્રાક્ષ,900,1450,2000
03-01-2025,જામફળ,400,700,1000
03-01-2025,દાડમ,400,900,1400
03-01-2025,સફરજન,2400,2950,3500
03-01-2025,ચીકુ,600,700,800
03-01-2025,પોપૈયા,300,400,500
03-01-2025,કેળા,460,520,580
03-01-2025,સંતરા,300,400,500
03-01-2025,તરબૂચ,70,100,130
03-01-2025,સ્ટ્રોબેરી,1800,2100,2800
03-01-2025,માલટા,400,650,900
03-01-2025,ટેટી,680,720,760
03-01-2025,બોર,600,950,1300
03-01-2025,દ્રાક્ષ,1000,1700,2400
04-01-2025,જામફળ,500,750,1000
04-01-2025,દાડમ,500,1250,2000
04-01-2025,સફરજન,2000,2700,3400
04-01-2025,ચીકુ,500,650,800
04-01-2025,પોપૈયા,440,470,500
04-01-2025,સીતાફળ,800,1000,1200
04-01-2025,કેળા,400,450,500
04-01-2025,તરબૂચ,60,90,120
04-01-2025,સ્ટ્રોબેરી,2000,2250,2500
04-01-2025,માલટા,500,650,800
04-01-2025,ક્મલમ,1400,1700,2000
04-01-2025,ટેટી,400,450,500
04-01-2025,બોર,600,1100,1600
04-01-2025,દ્રાક્ષ,800,2100,3400
05-01-2025,જામફળ,400,750,1100
05-01-2025,દાડમ,400,800,1200
05-01-2025,સફરજન,1400,2200,3000
05-01-2025,પોપૈયા,300,350,400
05-01-2025,કેળા,450,500,550
05-01-2025,તરબૂચ,80,110,140
05-01-2025,સ્ટ્રોબેરી,2200,2400,2600
05-01-2025,મોસંબી,400,700,1000
05-01-2025,ટેટી,500,600,700
05-01-2025,બોર,500,950,1400
06-01-2025,જામફળ,500,750,1000
06-01-2025,દાડમ,500,1450,2400
06-01-2025,સફરજન,1400,2500,3600
06-01-2025,ચીકુ,200,450,700
06-01-2025,પોપૈયા,300,400,500
06-01-2025,સીતાફળ,400,700,1000
06-01-2025,કેળા,400,450,500
06-01-2025,સંતરા,300,650,1000
06-01-2025,તરબૂચ,60,100,140
06-01-2025,સ્ટ્રોબેરી,1800,2025,2250
06-01-2025,માલટા,300,550,800
06-01-2025,ક્મલમ,1200,1600,2000
06-01-2025,મોસંબી,500,750,1000
06-01-2025,ટેટી,400,500,600
06-01-2025,બોર,400,1200,2000
06-01-2025,દ્રાક્ષ,500,1150,1800
06-01-2025,કીવી,4800,5400,6000
07-01-2025,જામફળ,400,750,1100
07-01-2025,દાડમ,400,1100,1800
07-01-2025,સફરજન,800,2150,3500
07-01-2025,ચીકુ,400,650,900
07-01-2025,પોપૈયા,400,450,500
07-01-2025,સીતાફળ,800,1100,1400
07-01-2025,કેળા,450,525,600
07-01-2025,સંતરા,800,850,900
07-01-2025,તરબૂચ,60,90,120
07-01-2025,સ્ટ્રોબેરી,1400,1950,2500
07-01-2025,માલટા,400,600,800
07-01-2025,ક્મલમ,1800,1900,2000
07-01-2025,ટેટી,200,350,500
07-01-2025,બોર,300,500,700
07-01-2025,દ્રાક્ષ,500,1050,1600
07-01-2025,કીવી,5600,7000,8400
08-01-2025,જામફળ,400,700,1000
08-01-2025,દાડમ,500,1000,1500
08-01-2025,સફરજન,1500,1950,2400
08-01-2025,ચીકુ,300,530,760
08-01-2025,પોપૈયા,200,300,400
08-01-2025,સીતાફળ,400,700,1000
08-01-2025,કેળા,420,500,580
08-01-2025,સંતરા,300,650,1000
08-01-2025,તરબૂચ,40,80,120
08-01-2025,સ્ટ્રોબેરી,1300,2150,3000
08-01-2025,માલટા,300,550,800
08-01-2025,ક્મલમ,1600,1800,2000
08-01-2025,મોસંબી,400,600,800
08-01-2025,ટેટી,500,650,800
08-01-2025,બોર,400,800,1200
08-01-2025,દ્રાક્ષ,800,1600,2400
08-01-2025,કીવી,5600,6300,7000
09-01-2025,જામફળ,300,650,1000
09-01-2025,દાડમ,600,1300,2000
09-01-2025,સફરજન,1600,2150,2700
09-01-2025,ચીકુ,800,950,1100
09-01-2025,પોપૈયા,400,420,440
09-01-2025,કેળા,450,500,550
09-01-2025,સંતરા,400,600,800
09-01-2025,સ્ટ્રોબેરી,1200,1700,2200
09-01-2025,ટેટી,320,460,600
09-01-2025,બોર,600,800,1000
09-01-2025,દ્રાક્ષ,1200,1700,2200
10-01-2025,જામફળ,200,600,1000
10-01-2025,દાડમ,600,1500,2400
10-01-2025,સફરજન,2000,2375,2750
10-01-2025,ચીકુ,800,900,1000
10-01-2025,પોપૈયા,100,200,300
10-01-2025,સીતાફળ,400,650,900
10-01-2025,તરબૂચ,60,100,140
10-01-2025,સ્ટ્રોબેરી,1500,2000,2500
10-01-2025,માલટા,300,550,800
10-01-2025,મોસંબી,400,600,800
10-01-2025,ટેટી,100,350,600
10-01-2025,બોર,500,800,1100
10-01-2025,દ્રાક્ષ,800,1300,1800
11-01-2025,જામફળ,400,750,1100
11-01-2025,દાડમ,800,1400,2000
11-01-2025,સફરજન,1600,2300,3000
11-01-2025,પોપૈયા,400,440,480
11-01-2025,કેળા,400,450,500
11-01-2025,સંતરા,800,1400,2000
11-01-2025,માલટા,400,600,800
11-01-2025,ક્મલમ,1800,2000,2200
11-01-2025,ટેટી,300,450,600
11-01-2025,બોર,600,700,800
11-01-2025,દ્રાક્ષ,700,1150,1600
11-01-2025,કીવી,5000,5500,6000
12-01-2025,જામફળ,300,650,1000
12-01-2025,દાડમ,600,1050,1500
12-01-2025,સફરજન,2000,2300,2600
12-01-2025,પોપૈયા,400,450,500
12-01-2025,કેળા,450,500,550
12-01-2025,તરબૂચ,80,110,140
12-01-2025,સ્ટ્રોબેરી,2000,2500,3000
12-01-2025,માલટા,500,700,900
12-01-2025,મોસંબી,400,500,600
12-01-2025,ટેટી,200,400,600
12-01-2025,બોર,400,550,700
12-01-2025,દ્રાક્ષ,800,1300,1800
13-01-2025,જામફળ,400,800,1200
13-01-2025,દાડમ,300,1050,1800
13-01-2025,સફરજન,1000,2000,3000
13-01-2025,ચીકુ,400,700,1000
13-01-2025,પોપૈયા,400,420,440
13-01-2025,સીતાફળ,500,850,1200
13-01-2025,કેળા,450,525,600
13-01-2025,સંતરા,500,1250,2000
13-01-2025,તરબૂચ,60,90,120
13-01-2025,સ્ટ્રોબેરી,2000,2450,2900
13-01-2025,માલટા,300,550,800
13-01-2025,ક્મલમ,1200,1500,1800
13-01-2025,ટેટી,300,450,600
13-01-2025,બોર,400,900,1400
13-01-2025,દ્રાક્ષ,700,1250,1800
13-01-2025,કીવી,6200,6700,7200
15-01-2025,જામફળ,600,1000,1400
15-01-2025,દાડમ,400,1000,1600
15-01-2025,સફરજન,2000,2800,3600
15-01-2025,ચીકુ,600,700,800
15-01-2025,સ્ટ્રોબેરી,1800,2000,2200
15-01-2025,માલટા,500,650,800
15-01-2025,ક્મલમ,1500,1750,2000
15-01-2025,લિચી,4800,5000,5200
15-01-2025,મોસંબી,300,500,700
15-01-2025,ટેટી,300,450,600
15-01-2025,બોર,400,1000,1600
15-01-2025,દ્રાક્ષ,700,1100,1500
16-01-2025,જામફળ,440,720,1000
16-01-2025,દાડમ,600,800,1000
16-01-2025,સફરજન,2000,2200,2400
16-01-2025,પોપૈયા,440,470,500
16-01-2025,કેળા,450,525,600
16-01-2025,સ્ટ્રોબેરી,1700,1850,2000
16-01-2025,માલટા,400,600,800
16-01-2025,મોસંબી,300,450,600
16-01-2025,ટેટી,600,650,700
16-01-2025,બોર,1000,1300,1600
16-01-2025,દ્રાક્ષ,600,1200,1800
17-01-2025,જામફળ,400,750,1100
17-01-2025,દાડમ,600,1300,2000
17-01-2025,સફરજન,1600,1900,2200
17-01-2025,કેળા,440,510,580
17-01-2025,તરબૂચ,100,130,160
17-01-2025,સ્ટ્રોબેરી,1500,1800,2100
17-01-2025,માલટા,600,720,840
17-01-2025,ક્મલમ,1600,1800,2000
17-01-2025,મોસંબી,400,700,1000
17-01-2025,ટેટી,300,450,600
17-01-2025,બોર,600,1100,1600
17-01-2025,દ્રાક્ષ,800,1350,1900
17-01-2025,કીવી,4800,5000,5200
18-01-2025,જામફળ,500,950,1400
18-01-2025,દાડમ,500,1150,1800
18-01-2025,પોપૈયા,400,460,520
18-01-2025,સીતાફળ,800,1200,1600
18-01-2025,કેળા,400,500,600
18-01-2025,તરબૂચ,100,170,240
18-01-2025,માલટા,500,650,800
18-01-2025,ટેટી,200,350,500
18-01-2025,બોર,400,800,1200
18-01-2025,દ્રાક્ષ,1200,1500,1800
19-01-2025,જામફળ,400,700,1000
19-01-2025,દાડમ,300,850,1400
19-01-2025,સફરજન,2000,2500,3000
19-01-2025,પોપૈયા,400,450,500
19-01-2025,કેળા,400,450,500
19-01-2025,સંતરા,1000,1100,1200
19-01-2025,તરબૂચ,80,140,200
19-01-2025,સ્ટ્રોબેરી,1000,1500,2000
19-01-2025,માલટા,300,550,800
19-01-2025,અનાનસ,800,900,1000
19-01-2025,મોસંબી,300,500,700
19-01-2025,ટેટી,200,450,700
19-01-2025,બોર,400,850,1300
19-01-2025,દ્રાક્ષ,800,1200,1600
20-01-2025,જામફળ,500,1000,1500
20-01-2025,દાડમ,400,1000,1600
20-01-2025,સફરજન,1800,2200,2600
20-01-2025,ચીકુ,600,750,900
20-01-2025,કેળા,450,485,520
20-01-2025,સંતરા,800,900,1000
20-01-2025,તરબૂચ,100,150,200
20-01-2025,સ્ટ્રોબેરી,1000,1300,1600
20-01-2025,માલટા,400,630,860
20-01-2025,મોસંબી,400,500,600
20-01-2025,ટેટી,300,510,720
20-01-2025,બોર,300,550,800
20-01-2025,દ્રાક્ષ,900,1450,2000
20-01-2025,કીવી,5000,5100,5200
21-01-2025,જામફળ,400,700,1000
21-01-2025,દાડમ,300,900,1500
21-01-2025,સફરજન,1400,2100,2800
21-01-2025,ચીકુ,800,1000,1200
21-01-2025,પોપૈયા,200,300,400
21-01-2025,સીતાફળ,600,800,1000
21-01-2025,કેળા,440,500,560
21-01-2025,સ્ટ્રોબેરી,500,1250,2000
21-01-2025,માલટા,360,600,840
21-01-2025,ક્મલમ,1600,1700,1800
21-01-2025,ઓરેંજ,1800,1900,2000
21-01-2025,મોસંબી,300,450,600
21-01-2025,ટેટી,200,460,720
21-01-2025,બોર,200,550,900
21-01-2025,દ્રાક્ષ,600,1300,2000
22-01-2025,જામફળ,500,750,1000
22-01-2025,દાડમ,400,1400,2400
22-01-2025,ચીકુ,1000,1100,1200
22-01-2025,પોપૈયા,400,450,500
22-01-2025,કેળા,460,520,580
22-01-2025,સ્ટ્રોબેરી,1000,1250,1500
22-01-2025,માલટા,400,600,800
22-01-2025,ક્મલમ,1800,1900,2000
22-01-2025,અનાનસ,800,900,1000
22-01-2025,મોસંબી,400,500,600
22-01-2025,ટેટી,300,510,720
22-01-2025,બોર,200,600,1000
22-01-2025,દ્રાક્ષ,600,1250,1900
23-01-2025,જામફળ,400,600,800
23-01-2025,દાડમ,300,550,800
23-01-2025,સફરજન,1600,2200,2800
23-01-2025,ચીકુ,700,850,1000
23-01-2025,પોપૈયા,300,350,400
23-01-2025,કેળા,450,500,550
23-01-2025,સંતરા,400,700,1000
23-01-2025,સ્ટ્રોબેરી,1000,1500,2000
23-01-2025,માલટા,400,650,900
23-01-2025,ક્મલમ,1600,1700,1800
23-01-2025,ટેટી,200,400,600
23-01-2025,બોર,700,900,1100
23-01-2025,દ્રાક્ષ,800,1300,1800
24-01-2025,જામફળ,300,650,1000
24-01-2025,દાડમ,400,900,1400
24-01-2025,સફરજન,1400,2000,2600
24-01-2025,ચીકુ,600,800,1000
24-01-2025,કેળા,440,510,580
24-01-2025,સ્ટ્રોબેરી,1500,1800,2100
24-01-2025,માલટા,500,650,800
24-01-2025,ક્મલમ,1500,1800,2100
24-01-2025,ટેટી,400,530,660
24-01-2025,બોર,600,800,1000
24-01-2025,દ્રાક્ષ,700,1200,1700
24-01-2025,કીવી,4400,4800,5200
25-01-2025,જામફળ,400,600,800
25-01-2025,દાડમ,500,1050,1600
25-01-2025,સફરજન,1600,2000,2400
25-01-2025,ચીકુ,500,650,800
25-01-2025,પોપૈયા,200,300,400
25-01-2025,કેળા,420,490,560
25-01-2025,સંતરા,800,900,1000
25-01-2025,માલટા,400,700,1000
25-01-2025,મોસંબી,300,500,700
25-01-2025,ટેટી,300,450,600
25-01-2025,બોર,400,600,800
25-01-2025,દ્રાક્ષ,500,1050,1600
26-01-2025,જામફળ,500,850,1200
26-01-2025,દાડમ,400,900,1400
26-01-2025,સફરજન,2000,2500,3000
26-01-2025,કેળા,360,430,500
26-01-2025,સંતરા,2000,2100,2200
26-01-2025,સ્ટ્રોબેરી,1500,1750,2000
26-01-2025,માલટા,700,750,800
26-01-2025,ક્મલમ,1400,1700,2000
26-01-2025,મોસંબી,300,450,600
26-01-2025,બોર,500,750,1000
27-01-2025,જામફળ,400,700,1000
27-01-2025,દાડમ,300,900,1500
27-01-2025,સફરજન,1200,1700,2200
27-01-2025,ચીકુ,500,650,800
27-01-2025,પોપૈયા,100,250,400
27-01-2025,સીતાફળ,400,600,800
27-01-2025,કેળા,400,450,500
27-01-2025,સંતરા,300,450,600
27-01-2025,સ્ટ્રોબેરી,1000,1250,1500
27-01-2025,માલટા,300,600,900
27-01-2025,ટેટી,100,300,500
27-01-2025,બોર,500,600,700
27-01-2025,દ્રાક્ષ,600,1300,2000
28-01-2025,જામફળ,300,750,1200
28-01-2025,દાડમ,300,850,1400
28-01-2025,સફરજન,1000,1700,2400
28-01-2025,ચીકુ,400,500,600
28-01-2025,પોપૈયા,300,390,480
28-01-2025,કેળા,400,500,600
28-01-2025,સ્ટ્રોબેરી,1400,1700,2000
28-01-2025,માલટા,400,600,800
28-01-2025,ટેટી,100,330,560
28-01-2025,બોર,400,600,800
28-01-2025,દ્રાક્ષ,700,1250,1800
29-01-2025,જામફળ,400,1000,1600
29-01-2025,દાડમ,800,1500,2200
29-01-2025,સફરજન,1600,1900,2200
29-01-2025,ચીકુ,600,650,700
29-01-2025,પોપૈયા,200,300,400
29-01-2025,કેળા,450,525,600
29-01-2025,સંતરા,3700,3800,3900
29-01-2025,સ્ટ્રોબેરી,1000,1300,1600
29-01-2025,માલટા,300,550,800
29-01-2025,ટેટી,300,650,1000
29-01-2025,બોર,400,700,1000
29-01-2025,દ્રાક્ષ,800,1250,1700
30-01-2025,જામફળ,300,850,1400
30-01-2025,દાડમ,400,1000,1600
30-01-2025,સફરજન,1400,2200,3000
30-01-2025,ચીકુ,500,650,800
30-01-2025,કેળા,420,500,580
30-01-2025,સંતરા,1600,1800,2000
30-01-2025,સ્ટ્રોબેરી,1200,1600,2000
30-01-2025,માલટા,400,650,900
30-01-2025,ટેટી,200,400,600
30-01-2025,બોર,500,850,1200
30-01-2025,દ્રાક્ષ,1000,1300,1600
31-01-2025,જામફળ,400,800,1200
31-01-2025,દાડમ,700,1100,1500
31-01-2025,સફરજન,1500,2250,3000
31-01-2025,ચીકુ,600,700,800
31-01-2025,પોપૈયા,300,450,600
31-01-2025,કેળા,400,500,600
31-01-2025,તરબૂચ,140,170,200
31-01-2025,સ્ટ્રોબેરી,1250,1625,2000
31-01-2025,માલટા,400,600,800
31-01-2025,ક્મલમ,1400,1700,2000
31-01-2025,મોસંબી,300,450,600
31-01-2025,ટેટી,300,450,600
31-01-2025,બોર,300,500,700
31-01-2025,દ્રાક્ષ,400,1000,1600
31-01-2025,કીવી,3000,4300,5600
01-02-2025,જામફળ,300,600,900
01-02-2025,દાડમ,300,850,1400
01-02-2025,સફરજન,1400,2000,2600
01-02-2025,ચીકુ,500,750,1000
01-02-2025,કેળા,400,475,550
01-02-2025,માલટા,500,650,800
01-02-2025,ટેટી,200,400,600
01-02-2025,બોર,200,400,600
01-02-2025,દ્રાક્ષ,500,1150,1800
01-02-2025,કીવી,5500,5750,6000
02-02-2025,જામફળ,500,750,1000
02-02-2025,દાડમ,500,1050,1600
02-02-2025,સફરજન,1600,2200,2800
02-02-2025,કેળા,440,500,560
02-02-2025,તરબૂચ,100,150,200
02-02-2025,સ્ટ્રોબેરી,1200,1600,2000
02-02-2025,માલટા,400,650,900
02-02-2025,મોસંબી,400,550,700
02-02-2025,ટેટી,400,600,800
02-02-2025,બોર,400,600,800
02-02-2025,દ્રાક્ષ,1200,1800,2400
03-02-2025,જામફળ,800,1000,1200
03-02-2025,દાડમ,600,1300,2000
03-02-2025,સફરજન,800,1900,3000
03-02-2025,ચીકુ,200,450,700
03-02-2025,પોપૈયા,300,450,600
03-02-2025,કેળા,400,450,500
03-02-2025,સંતરા,300,450,600
03-02-2025,તરબૂચ,100,200,300
03-02-2025,સ્ટ્રોબેરી,1000,1250,1500
03-02-2025,માલટા,300,570,840
03-02-2025,મોસંબી,600,800,1000
03-02-2025,ટેટી,100,350,600
03-02-2025,બોર,200,400,600
03-02-2025,દ્રાક્ષ,600,1200,1800
04-02-2025,જામફળ,400,700,1000
04-02-2025,દાડમ,700,1350,2000
04-02-2025,સફરજન,700,1850,3000
04-02-2025,ચીકુ,400,600,800
04-02-2025,કેળા,450,500,550
04-02-2025,તરબૂચ,100,150,200
04-02-2025,સ્ટ્રોબેરી,1000,1300,1600
04-02-2025,માલટા,400,600,800
04-02-2025,ક્મલમ,1400,1500,1600
04-02-2025,હાફુસ કેરી,3000,3100,3200
04-02-2025,ટેટી,200,400,600
04-02-2025,બોર,200,350,500
04-02-2025,દ્રાક્ષ,600,1500,2400
04-02-2025,કીવી,6000,6200,6400
05-02-2025,જામફળ,200,550,900
05-02-2025,દાડમ,300,1150,2000
05-02-2025,સફરજન,600,1500,2400
05-02-2025,ચીકુ,400,700,1000
05-02-2025,કેળા,440,510,580
05-02-2025,તરબૂચ,100,170,240
05-02-2025,સ્ટ્રોબેરી,1500,2050,2600
05-02-2025,હાફુસ કેરી,2600,2800,3000
05-02-2025,ટેટી,200,450,700
05-02-2025,બોર,200,400,600
05-02-2025,દ્રાક્ષ,400,1100,1800
06-02-2025,જામફળ,200,450,700
06-02-2025,દાડમ,200,500,800
06-02-2025,સફરજન,1500,1850,2200
06-02-2025,ચીકુ,400,550,700
06-02-2025,પોપૈયા,200,350,500
06-02-2025,કેળા,450,500,550
06-02-2025,સ્ટ્રોબેરી,500,750,1000
06-02-2025,માલટા,400,620,840
06-02-2025,ક્મલમ,1200,1500,1800
06-02-2025,મોસંબી,300,450,600
06-02-2025,ટેટી,300,500,700
06-02-2025,બોર,200,500,800
06-02-2025,દ્રાક્ષ,500,1000,1500
07-02-2025,જામફળ,400,600,800
07-02-2025,દાડમ,400,950,1500
07-02-2025,સફરજન,1400,2000,2600
07-02-2025,ચીકુ,400,700,1000
07-02-2025,કેળા,440,500,560
07-02-2025,તરબૂચ,120,210,300
07-02-2025,સ્ટ્રોબેરી,1600,1800,2000
07-02-2025,માલટા,500,650,800
07-02-2025,ક્મલમ,1600,1800,2000
07-02-2025,ટેટી,300,550,800
07-02-2025,બોર,400,650,900
07-02-2025,દ્રાક્ષ,600,1100,1600
08-02-2025,જામફળ,400,550,700
08-02-2025,દાડમ,500,850,1200
08-02-2025,સફરજન,1600,1850,2100
08-02-2025,કેળા,360,480,600
08-02-2025,માલટા,600,700,800
08-02-2025,મોસંબી,450,500,550
08-02-2025,ટેટી,300,350,400
08-02-2025,બોર,400,450,500
08-02-2025,દ્રાક્ષ,600,900,1200
09-02-2025,દાડમ,400,1200,2000
09-02-2025,સફરજન,1400,1900,2400
09-02-2025,કેળા,450,500,550
09-02-2025,તરબૂચ,100,170,240
09-02-2025,સ્ટ્રોબેરી,800,1000,1200
09-02-2025,ક્મલમ,1200,1400,1600
09-02-2025,ટેટી,100,400,700
09-02-2025,બોર,200,500,800
09-02-2025,દ્રાક્ષ,1000,1300,1600
10-02-2025,જામફળ,400,700,1000
10-02-2025,દાડમ,500,1150,1800
10-02-2025,સફરજન,1600,2050,2500
10-02-2025,ચીકુ,400,500,600
10-02-2025,પોપૈયા,400,500,600
10-02-2025,કેળા,400,500,600
10-02-2025,સંતરા,400,700,1000
10-02-2025,તરબૂચ,200,250,300
10-02-2025,સ્ટ્રોબેરી,900,1150,1400
10-02-2025,માલટા,400,650,900
10-02-2025,ક્મલમ,1400,1600,1800
10-02-2025,મોસંબી,300,500,700
10-02-2025,ટેટી,400,575,750
10-02-2025,બોર,400,650,900
10-02-2025,દ્રાક્ષ,600,1200,1800
11-02-2025,જામફળ,200,450,700
11-02-2025,દાડમ,500,1000,1500
11-02-2025,સફરજન,800,1900,3000
11-02-2025,ચીકુ,300,470,640
11-02-2025,કેળા,450,515,580
11-02-2025,તરબૂચ,80,190,300
11-02-2025,સ્ટ્રોબેરી,1000,1250,1500
11-02-2025,માલટા,400,620,840
11-02-2025,ક્મલમ,1500,1750,2000
11-02-2025,મોસંબી,350,525,700
11-02-2025,ટેટી,300,450,600
11-02-2025,બોર,400,600,800
11-02-2025,દ્રાક્ષ,400,1100,1800
11-02-2025,કીવી,5500,5750,6000
12-02-2025,જામફળ,300,650,1000
12-02-2025,દાડમ,400,1000,1600
12-02-2025,સફરજન,1000,2440,3880
12-02-2025,ચીકુ,300,450,600
12-02-2025,કેળા,400,500,600
12-02-2025,સંતરા,1000,1600,2200
12-02-2025,તરબૂચ,100,170,240
12-02-2025,સ્ટ્રોબેરી,800,1100,1400
12-02-2025,માલટા,300,600,900
12-02-2025,ક્મલમ,1200,1800,2600
12-02-2025,મોસંબી,300,400,500
12-02-2025,ટેટી,200,370,540
12-02-2025,બોર,300,600,900
12-02-2025,દ્રાક્ષ,700,1300,1900
12-02-2025,કીવી,5000,5500,6000
13-02-2025,જામફળ,400,800,1200
13-02-2025,દાડમ,400,1100,1800
13-02-2025,સફરજન,1500,2250,3000
13-02-2025,ચીકુ,400,600,800
13-02-2025,પોપૈયા,500,550,600
13-02-2025,કેળા,440,510,580
13-02-2025,સંતરા,400,1000,1600
13-02-2025,તરબૂચ,120,190,260
13-02-2025,સ્ટ્રોબેરી,1000,1250,1500
13-02-2025,માલટા,400,700,1000
13-02-2025,ક્મલમ,1400,1800,2200
13-02-2025,મોસંબી,400,550,700
13-02-2025,ટેટી,400,500,600
13-02-2025,બોર,400,700,1000
13-02-2025,દ્રાક્ષ,800,1400,2000
13-02-2025,કીવી,5600,5850,6100
14-02-2025,જામફળ,200,700,1200
14-02-2025,દાડમ,500,1250,2000
14-02-2025,સફરજન,1500,1950,2400
14-02-2025,ચીકુ,300,500,700
14-02-2025,તરબૂચ,100,175,250
14-02-2025,સ્ટ્રોબેરી,800,1100,1400
14-02-2025,માલટા,450,725,1000
14-02-2025,મોસંબી,300,500,700
14-02-2025,ટેટી,200,400,600
14-02-2025,બોર,200,500,800
14-02-2025,દ્રાક્ષ,700,1250,1800
14-02-2025,કીવી,5800,5900,6000
15-02-2025,જામફળ,400,600,800
15-02-2025,દાડમ,400,950,1500
15-02-2025,સફરજન,2000,2700,3400
15-02-2025,કેળા,500,550,600
15-02-2025,સંતરા,400,650,900
15-02-2025,તરબૂચ,120,180,240
15-02-2025,માલટા,500,750,1000
15-02-2025,ક્મલમ,1400,1700,2000
15-02-2025,ટેટી,300,450,600
15-02-2025,બોર,300,550,800
15-02-2025,દ્રાક્ષ,600,1100,1600
15-02-2025,કીવી,5500,5800,6100
16-02-2025,જામફળ,300,600,900
16-02-2025,દાડમ,1000,1500,2000
16-02-2025,સફરજન,1800,2400,3000
16-02-2025,પોપૈયા,400,500,600
16-02-2025,કેળા,420,490,560
16-02-2025,સંતરા,800,1400,2000
16-02-2025,તરબૂચ,140,180,220
16-02-2025,સ્ટ્રોબેરી,1400,1600,1800
16-02-2025,માલટા,400,700,1000
16-02-2025,ક્મલમ,1500,1850,2200
16-02-2025,મોસંબી,300,500,700
16-02-2025,ટેટી,200,400,600
16-02-2025,બોર,400,650,900
16-02-2025,દ્રાક્ષ,800,1300,1800
16-02-2025,કીવી,5600,5800,6000
17-02-2025,જામફળ,500,950,1400
17-02-2025,દાડમ,800,1500,2200
17-02-2025,સફરજન,1500,2050,2600
17-02-2025,ચીકુ,700,850,1000
17-02-2025,સંતરા,600,1300,2000
17-02-2025,તરબૂચ,160,200,240
17-02-2025,સ્ટ્રોબેરી,1200,1400,1600
17-02-2025,માલટા,600,850,1100
17-02-2025,ક્મલમ,1600,1800,2000
17-02-2025,મોસંબી,400,550,700
17-02-2025,ટેટી,400,480,560
17-02-2025,બોર,300,550,800
17-02-2025,દ્રાક્ષ,600,1100,1600
17-02-2025,કીવી,5200,5650,6100
18-02-2025,જામફળ,600,1050,1500
18-02-2025,દાડમ,400,1000,1600
18-02-2025,સફરજન,1600,2500,3400
18-02-2025,ચીકુ,600,850,1100
18-02-2025,પોપૈયા,400,480,560
18-02-2025,કેળા,400,500,600
18-02-2025,સંતરા,500,750,1000
18-02-2025,તરબૂચ,140,200,260
18-02-2025,સ્ટ્રોબેરી,1000,1250,1500
18-02-2025,માલટા,400,700,1000
18-02-2025,ક્મલમ,1400,1600,1800
18-02-2025,મોસંબી,300,450,600
18-02-2025,ટેટી,400,500,600
18-02-2025,બોર,400,550,700
18-02-2025,દ્રાક્ષ,800,1250,1700
19-02-2025,જામફળ,500,850,1200
19-02-2025,દાડમ,300,750,1200
19-02-2025,ચીકુ,600,800,1000
19-02-2025,પોપૈયા,400,500,600
19-02-2025,કેળા,450,515,580
19-02-2025,તરબૂચ,150,200,250
19-02-2025,સ્ટ્રોબેરી,800,1100,1400
19-02-2025,માલટા,400,600,800
19-02-2025,ક્મલમ,1200,1400,1600
19-02-2025,મોસંબી,400,550,700
19-02-2025,લાલબાગ કેરી,2000,2200,2400
19-02-2025,ટેટી,300,400,500
19-02-2025,બોર,300,450,600
19-02-2025,દ્રાક્ષ,1000,1300,1600
20-02-2025,જામફળ,400,700,1000
20-02-2025,દાડમ,500,1250,2000
20-02-2025,સફરજન,1500,1950,2400
20-02-2025,ચીકુ,620,810,1000
20-02-2025,પોપૈયા,200,300,400
20-02-2025,કેળા,450,525,600
20-02-2025,તરબૂચ,140,180,220
20-02-2025,સ્ટ્રોબેરી,1000,1750,2500
20-02-2025,માલટા,500,700,900
20-02-2025,ટેટી,100,330,560
20-02-2025,બોર,200,350,500
20-02-2025,દ્રાક્ષ,600,1100,1600
21-02-2025,જામફળ,700,950,1200
21-02-2025,દાડમ,1000,1500,2000
21-02-2025,સફરજન,2000,2550,3100
21-02-2025,ચીકુ,600,750,900
21-02-2025,પોપૈયા,400,575,750
21-02-2025,કેળા,400,500,600
21-02-2025,સંતરા,1000,1250,1500
21-02-2025,તરબૂચ,130,190,250
21-02-2025,સ્ટ્રોબેરી,1000,1200,1400
21-02-2025,માલટા,600,800,1000
21-02-2025,ક્મલમ,1500,2050,2600
21-02-2025,મોસંબી,500,600,700
21-02-2025,ટેટી,300,450,600
21-02-2025,બોર,300,400,500
21-02-2025,દ્રાક્ષ,500,1150,1800
21-02-2025,કીવી,5300,5500,5700
22-02-2025,જામફળ,200,400,600
22-02-2025,દાડમ,300,950,1600
22-02-2025,સફરજન,1000,2000,3000
22-02-2025,ચીકુ,500,700,900
22-02-2025,પોપૈયા,200,300,400
22-02-2025,કેળા,450,525,600
22-02-2025,માલટા,400,650,900
22-02-2025,ક્મલમ,1000,1300,1600
22-02-2025,ટેટી,200,350,500
22-02-2025,બોર,200,350,500
22-02-2025,દ્રાક્ષ,500,1050,1600
23-02-2025,જામફળ,300,450,600
23-02-2025,દાડમ,300,850,1400
23-02-2025,સફરજન,1000,1300,1600
23-02-2025,ચીકુ,600,800,1000
23-02-2025,કેળા,440,510,580
23-02-2025,તરબૂચ,140,190,240
23-02-2025,મોસંબી,400,500,600
23-02-2025,ટેટી,300,400,500
23-02-2025,બોર,200,375,550
23-02-2025,દ્રાક્ષ,600,1100,1600
24-02-2025,જામફળ,200,500,800
24-02-2025,દાડમ,200,850,1500
24-02-2025,સફરજન,1250,2025,2800
24-02-2025,ચીકુ,400,650,900
24-02-2025,પોપૈયા,500,600,700
24-02-2025,કેળા,400,500,600
24-02-2025,સંતરા,1000,1250,1500
24-02-2025,તરબૂચ,200,220,240
24-02-2025,સ્ટ્રોબેરી,800,1000,1200
24-02-2025,માલટા,400,700,1000
24-02-2025,બદામ કેરી,2000,2500,3000
24-02-2025,મોસંબી,400,550,700
24-02-2025,ટેટી,100,280,460
24-02-2025,બોર,200,600,1000
24-02-2025,દ્રાક્ષ,600,1300,2000
25-02-2025,જામફળ,300,500,700
25-02-2025,દાડમ,400,900,1400
25-02-2025,સફરજન,1400,2000,2600
25-02-2025,ચીકુ,400,600,800
25-02-2025,કેળા,450,535,620
25-02-2025,સંતરા,600,1000,1400
25-02-2025,તરબૂચ,150,200,250
25-02-2025,માલટા,400,750,1100
25-02-2025,મોસંબી,300,500,700
25-02-2025,ટેટી,200,350,500
25-02-2025,બોર,300,550,800
25-02-2025,દ્રાક્ષ,700,1250,1800
25-02-2025,કીવી,5600,5800,6000
26-02-2025,જામફળ,300,550,800
26-02-2025,દાડમ,300,1150,2000
26-02-2025,સફરજન,1500,2250,3000
26-02-2025,ચીકુ,400,700,1000
26-02-2025,કેળા,400,500,600
26-02-2025,સંતરા,600,800,1000
26-02-2025,તરબૂચ,140,190,240
26-02-2025,માલટા,300,850,1100
26-02-2025,ક્મલમ,1800,2100,2400
26-02-2025,ગુલાબ,2500,2650,2800
26-02-2025,લાલબાગ કેરી,1600,2300,3000
26-02-2025,ટેટી,250,375,500
26-02-2025,બોર,200,350,500
26-02-2025,દ્રાક્ષ,600,1200,1800
27-02-2025,જામફળ,400,600,800
27-02-2025,દાડમ,300,850,1400
27-02-2025,સફરજન,1400,2200,3000
27-02-2025,ચીકુ,400,600,800
27-02-2025,કેળા,440,515,590
27-02-2025,સંતરા,500,1000,1500
27-02-2025,તરબૂચ,140,200,260
27-02-2025,માલટા,440,670,900
27-02-2025,ક્મલમ,1200,1500,1800
27-02-2025,ગુલાબ,2600,2700,2800
27-02-2025,મોસંબી,340,520,700
27-02-2025,ટેટી,200,320,440
27-02-2025,બોર,200,300,400
27-02-2025,દ્રાક્ષ,500,1150,1800
28-02-2025,જામફળ,400,700,1000
28-02-2025,દાડમ,400,950,1500
28-02-2025,સફરજન,1100,2350,3600
28-02-2025,ચીકુ,500,750,1000
28-02-2025,પોપૈયા,400,550,700
28-02-2025,કેળા,400,500,600
28-02-2025,સંતરા,500,750,1000
28-02-2025,તરબૂચ,150,200,250
28-02-2025,સ્ટ્રોબેરી,800,1100,1400
28-02-2025,માલટા,400,600,800
28-02-2025,સૂ્દરી કેરી,1600,1700,1800
28-02-2025,મોસંબી,300,500,700
28-02-2025,ટેટી,300,450,600
28-02-2025,બોર,300,450,600
28-02-2025,દ્રાક્ષ,1000,1450,1900
01-03-2025,જામફળ,400,600,800
01-03-2025,દાડમ,400,1200,2000
01-03-2025,સફરજન,1200,2000,2800
01-03-2025,ચીકુ,500,750,1000
01-03-2025,કેળા,450,525,600
01-03-2025,સંતરા,400,975,1550
01-03-2025,તરબૂચ,150,245,340
01-03-2025,ક્મલમ,1200,1500,1800
01-03-2025,મોસંબી,400,550,700
01-03-2025,ટેટી,200,400,600
01-03-2025,બોર,400,500,600
01-03-2025,દ્રાક્ષ,500,1150,1800
01-03-2025,કીવી,5400,5600,5800
02-03-2025,દાડમ,500,1300,2100
02-03-2025,સફરજન,1500,2050,2600
02-03-2025,ચીકુ,400,700,1000
02-03-2025,કેળા,400,500,600
02-03-2025,સંતરા,500,850,1200
02-03-2025,તરબૂચ,100,210,320
02-03-2025,સૂ્દરી કેરી,1500,1750,2000
02-03-2025,મોસંબી,300,500,700
02-03-2025,ટેટી,200,350,500
02-03-2025,બોર,300,400,500
02-03-2025,દ્રાક્ષ,600,1100,1600
03-03-2025,જામફળ,400,600,800
03-03-2025,દાડમ,300,850,1400
03-03-2025,સફરજન,1600,2300,3000
03-03-2025,ચીકુ,400,800,1200
03-03-2025,કેળા,450,525,600
03-03-2025,સંતરા,500,1000,1500
03-03-2025,તરબૂચ,150,205,260
03-03-2025,માલટા,600,900,1200
03-03-2025,ટેટી,200,400,600
03-03-2025,બોર,100,300,500
03-03-2025,દ્રાક્ષ,500,1050,1600
03-03-2025,કીવી,5800,5900,6000
04-03-2025,જામફળ,500,600,700
04-03-2025,દાડમ,300,1150,2000
04-03-2025,સફરજન,1400,2000,2600
04-03-2025,ચીકુ,500,850,1200
04-03-2025,કેળા,400,500,600
04-03-2025,સંતરા,400,950,1500
04-03-2025,તરબૂચ,100,200,300
04-03-2025,માલટા,600,800,1000
04-03-2025,મોસંબી,300,550,800
04-03-2025,લાલબાગ કેરી,1600,1700,1800
04-03-2025,ટેટી,100,350,600
04-03-2025,બોર,200,350,500
04-03-2025,દ્રાક્ષ,600,1200,1800
05-03-2025,જામફળ,200,450,700
05-03-2025,દાડમ,300,900,1500
05-03-2025,સફરજન,1300,2100,2900
05-03-2025,ચીકુ,300,750,1200
05-03-2025,પોપૈયા,200,300,400
05-03-2025,કેળા,420,500,580
05-03-2025,સંતરા,400,700,1000
05-03-2025,તરબૂચ,140,190,240
05-03-2025,માલટા,500,900,1300
05-03-2025,લાલબાગ કેરી,3000,3500,4000
05-03-2025,ટેટી,200,350,500
05-03-2025,બોર,400,500,600
05-03-2025,દ્રાક્ષ,700,1250,1800
06-03-2025,જામફળ,400,600,800
06-03-2025,દાડમ,500,1050,1600
06-03-2025,સફરજન,1400,2100,2800
06-03-2025,ચીકુ,400,700,1000
06-03-2025,કેળા,400,500,600
06-03-2025,સંતરા,400,600,800
06-03-2025,તરબૂચ,160,210,260
06-03-2025,માલટા,1000,1200,1400
06-03-2025,ગુલાબ,1000,1700,2500
06-03-2025,હાફુસ કેરી,4100,4160,4220
06-03-2025,મોસંબી,400,550,700
06-03-2025,લાલબાગ કેરી,2000,2500,3000
06-03-2025,ટેટી,300,450,600
06-03-2025,બોર,300,400,500
06-03-2025,દ્રાક્ષ,800,1350,1900
06-03-2025,કીવી,5600,5800,6000
07-03-2025,જામફળ,400,700,1000
07-03-2025,દાડમ,400,950,1500
07-03-2025,સફરજન,1500,2250,3000
07-03-2025,ચીકુ,300,550,800
07-03-2025,કેળા,500,550,600
07-03-2025,સંતરા,1000,1200,1400
07-03-2025,તરબૂચ,180,225,270
07-03-2025,માલટા,800,1050,1300
07-03-2025,મોસંબી,600,800,1000
07-03-2025,ટેટી,400,500,600
07-03-2025,દ્રાક્ષ,600,1100,1600
08-03-2025,જામફળ,300,550,800
08-03-2025,દાડમ,300,1150,2000
08-03-2025,સફરજન,1400,2200,3000
08-03-2025,ચીકુ,400,500,600
08-03-2025,પોપૈયા,400,550,700
08-03-2025,કેળા,400,500,600
08-03-2025,તરબૂચ,140,190,240
08-03-2025,માલટા,500,900,1300
08-03-2025,ક્મલમ,1800,2350,2900
08-03-2025,ગુલાબ,2000,2350,2700
08-03-2025,હાફુસ કેરી,5020,6020,7020
08-03-2025,ટેટી,100,350,600
08-03-2025,બોર,300,400,500
08-03-2025,દ્રાક્ષ,700,1250,1800
09-03-2025,જામફળ,400,600,800
09-03-2025,દાડમ,300,900,1500
09-03-2025,સફરજન,1400,2000,2600
09-03-2025,ચીકુ,200,550,900
09-03-2025,કેળા,450,525,600
09-03-2025,સંતરા,500,750,1000
09-03-2025,તરબૂચ,150,195,240
09-03-2025,ગુલાબ,1600,1900,2200
09-03-2025,મોસંબી,500,600,700
09-03-2025,ટેટી,200,400,600
09-03-2025,બોર,350,425,500
09-03-2025,દ્રાક્ષ,750,1275,1800
09-03-2025,કીવી,5000,5250,5500
10-03-2025,જામફળ,300,700,1100
10-03-2025,દાડમ,400,1200,2000
10-03-2025,સફરજન,1500,2250,3000
10-03-2025,ચીકુ,400,550,700
10-03-2025,કેળા,400,540,680
10-03-2025,સંતરા,600,1250,1900
10-03-2025,તરબૂચ,160,205,250
10-03-2025,ક્મલમ,1600,2300,3000
10-03-2025,ગુલાબ,1400,2900,4400
10-03-2025,હાફુસ કેરી,6000,7000,8000
10-03-2025,મોસંબી,400,550,700
10-03-2025,ટેટી,300,400,500
10-03-2025,બોર,400,500,600
10-03-2025,દ્રાક્ષ,600,1250,1900
10-03-2025,કીવી,5000,5200,5400
10-03-2025,કેસર કેરી,5000,5600,6200
11-03-2025,જામફળ,300,650,1000
11-03-2025,દાડમ,500,1250,2000
11-03-2025,સફરજન,1100,2250,3400
11-03-2025,ચીકુ,300,400,500
11-03-2025,કેળા,360,480,600
11-03-2025,સંતરા,400,1000,1600
11-03-2025,તરબૂચ,220,240,260
11-03-2025,ક્મલમ,1600,3600,5600
11-03-2025,ગુલાબ,1400,3200,5000
11-03-2025,ટેટી,200,400,600
11-03-2025,બોર,300,500,700
11-03-2025,દ્રાક્ષ,500,1150,1800
11-03-2025,કીવી,4000,4500,5000
12-03-2025,જામફળ,400,700,1000
12-03-2025,દાડમ,400,950,1500
12-03-2025,સફરજન,1400,2200,3000
12-03-2025,ચીકુ,400,500,600
12-03-2025,કેળા,400,500,600
12-03-2025,સંતરા,600,1150,1700
12-03-2025,તરબૂચ,200,240,280
12-03-2025,ક્મલમ,2000,5000,8000
12-03-2025,ગુલાબ,4200,4300,4400
12-03-2025,હાફુસ કેરી,5000,5500,6000
12-03-2025,મોસંબી,300,500,700
12-03-2025,લાલબાગ કેરી,2500,2750,3000
12-03-2025,ટેટી,300,500,700
12-03-2025,બોર,300,450,600
12-03-2025,દ્રાક્ષ,1000,1450,1900
12-03-2025,કીવી,3500,4150,4800
17-03-2025,જામફળ,400,700,1000
17-03-2025,દાડમ,500,1050,1600
17-03-2025,સફરજન,2000,2800,3600
17-03-2025,ચીકુ,400,800,1200
17-03-2025,પોપૈયા,300,400,500
17-03-2025,કેળા,400,480,560
17-03-2025,સંતરા,500,1050,1600
17-03-2025,તરબૂચ,200,250,300
17-03-2025,ગુલાબ,3600,3700,3800
17-03-2025,બદામ કેરી,1200,1300,1400
17-03-2025,હાફુસ કેરી,6000,6500,7000
17-03-2025,મોસંબી,300,500,700
17-03-2025,ટેટી,200,350,500
17-03-2025,બોર,200,350,500
17-03-2025,દ્રાક્ષ,1000,1400,1800
17-03-2025,કીવી,4400,4600,4800
17-03-2025,કેસર કેરી,5400,5500,5600
18-03-2025,જામફળ,300,550,800
18-03-2025,દાડમ,600,1300,2000
18-03-2025,સફરજન,1600,2500,3400
18-03-2025,ચીકુ,400,700,1000
18-03-2025,પોપૈયા,400,550,700
18-03-2025,કેળા,400,535,670
18-03-2025,સંતરા,600,900,1200
18-03-2025,તરબૂચ,160,230,300
18-03-2025,હાફુસ કેરી,4000,4500,5000
18-03-2025,મોસંબી,400,600,800
18-03-2025,ટેટી,300,350,400
18-03-2025,દ્રાક્ષ,800,1250,1700
18-03-2025,કીવી,4200,4400,4600
18-03-2025,કેસર કેરી,5400,5450,5500
19-03-2025,જામફળ,200,550,900
19-03-2025,દાડમ,500,1350,2200
19-03-2025,સફરજન,1400,2100,2800
19-03-2025,ચીકુ,400,600,800
19-03-2025,કેળા,400,500,600
19-03-2025,સંતરા,700,1050,1400
19-03-2025,તરબૂચ,200,275,350
19-03-2025,હાફુસ કેરી,3500,4250,5000
19-03-2025,ટેટી,200,300,400
19-03-2025,બોર,200,350,500
19-03-2025,દ્રાક્ષ,700,1350,2000
19-03-2025,કીવી,4800,4900,5000
19-03-2025,કેસર કેરી,5000,5600,6200
20-03-2025,જામફળ,400,600,800
20-03-2025,દાડમ,600,1300,2000
20-03-2025,સફરજન,1200,1900,2600
20-03-2025,ચીકુ,600,700,800
20-03-2025,કેળા,440,530,620
20-03-2025,સંતરા,600,1100,1600
20-03-2025,તરબૂચ,140,220,300
20-03-2025,હાફુસ કેરી,3500,4750,6000
20-03-2025,મોસંબી,500,700,900
20-03-2025,લાલબાગ કેરી,1600,1900,2200
20-03-2025,ટેટી,300,400,500
20-03-2025,દ્રાક્ષ,1000,1400,1800
20-03-2025,કીવી,4000,6000,8000
20-03-2025,કેસર કેરી,2000,3500,5000
21-03-2025,જામફળ,200,500,800
21-03-2025,દાડમ,800,1400,2000
21-03-2025,સફરજન,1200,1850,2500
21-03-2025,ચીકુ,300,500,700
21-03-2025,કેળા,450,525,600
21-03-2025,સંતરા,500,900,1300
21-03-2025,તરબૂચ,200,250,300
21-03-2025,હાફુસ કેરી,2600,4300,6000
21-03-2025,મોસંબી,550,725,900
21-03-2025,ટેટી,100,300,500
21-03-2025,દ્રાક્ષ,500,1150,1800
21-03-2025,કેસર કેરી,2000,5000,8000
22-03-2025,જામફળ,250,525,800
22-03-2025,દાડમ,200,800,1400
22-03-2025,સફરજન,1400,2500,3600
22-03-2025,ચીકુ,400,550,700
22-03-2025,પોપૈયા,200,300,400
22-03-2025,કેળા,400,535,670
22-03-2025,સંતરા,400,1075,1750
22-03-2025,તરબૂચ,100,150,200
22-03-2025,હાફુસ કેરી,2000,3900,5800
22-03-2025,મોસંબી,600,700,800
22-03-2025,ટેટી,100,300,500
22-03-2025,દ્રાક્ષ,600,1050,1500
22-03-2025,કેસર કેરી,2000,3200,4400
23-03-2025,જામફળ,300,450,600
23-03-2025,દાડમ,400,950,1500
23-03-2025,સફરજન,1500,2250,3000
23-03-2025,ચીકુ,400,500,600
23-03-2025,પોપૈયા,500,600,700
23-03-2025,કેળા,520,570,620
23-03-2025,સંતરા,800,1000,1200
23-03-2025,તરબૂચ,100,200,300
23-03-2025,બદામ કેરી,1600,1900,2200
23-03-2025,હાફુસ કેરી,4000,6000,8000
23-03-2025,મોસંબી,300,550,800
23-03-2025,ટેટી,200,320,440
23-03-2025,દ્રાક્ષ,1200,1500,1800
24-03-2025,જામફળ,400,600,800
24-03-2025,દાડમ,800,1600,2400
24-03-2025,સફરજન,2000,2800,3600
24-03-2025,ચીકુ,400,650,900
24-03-2025,પોપૈયા,400,500,600
24-03-2025,કેળા,450,525,600
24-03-2025,સંતરા,600,1100,1600
24-03-2025,તરબૂચ,140,220,300
24-03-2025,ક્મલમ,8800,9600,10400
24-03-2025,ગુલાબ,3800,3900,4000
24-03-2025,હાફુસ કેરી,4000,5000,6000
24-03-2025,મોસંબી,400,650,900
24-03-2025,ટેટી,300,400,500
24-03-2025,દ્રાક્ષ,800,1350,1900
24-03-2025,કીવી,4000,4500,5000
24-03-2025,કેસર કેરી,2000,5000,8000
25-03-2025,જામફળ,300,700,1100
25-03-2025,દાડમ,600,1550,2500
25-03-2025,સફરજન,1400,2200,3000
25-03-2025,ચીકુ,400,800,1200
25-03-2025,પોપૈયા,300,500,700
25-03-2025,કેળા,400,500,600
25-03-2025,સંતરા,1000,1450,1900
25-03-2025,તરબૂચ,100,180,260
25-03-2025,ગુલાબ,3000,3500,4000
25-03-2025,હાફુસ કેરી,2000,3000,4000
25-03-2025,ટેટી,200,300,400
25-03-2025,દ્રાક્ષ,1000,1400,1800
25-03-2025,કેસર કેરી,1500,2500,3500
26-03-2025,જામફળ,400,700,1000
26-03-2025,દાડમ,1000,1800,2600
26-03-2025,સફરજન,1600,2100,2600
26-03-2025,ચીકુ,360,580,800
26-03-2025,પોપૈયા,400,500,600
26-03-2025,કેળા,420,520,620
26-03-2025,સંતરા,400,700,1000
26-03-2025,ગુલાબ,2000,2200,2400
26-03-2025,હાફુસ કેરી,3000,4500,6000
26-03-2025,મોસંબી,400,600,800
26-03-2025,ટેટી,300,400,500
26-03-2025,દ્રાક્ષ,600,1100,1600
26-03-2025,કેસર કેરી,1500,3750,6000
27-03-2025,જામફળ,300,650,1000
27-03-2025,દાડમ,400,1300,2200
27-03-2025,સફરજન,1200,1800,2400
27-03-2025,ચીકુ,300,550,800
27-03-2025,પોપૈયા,180,190,200
27-03-2025,કેળા,400,500,600
27-03-2025,તરબૂચ,100,180,260
27-03-2025,હાફુસ કેરી,4000,4500,5000
27-03-2025,મોસંબી,500,650,800
27-03-2025,ટેટી,200,350,500
27-03-2025,દ્રાક્ષ,800,1400,2000
27-03-2025,કેસર કેરી,1400,3200,5000
27-03-2025,તોતાપુરી કેરી,600,800,1000
28-03-2025,દાડમ,600,1500,2400
28-03-2025,ચીકુ,400,600,800
28-03-2025,કેળા,440,530,620
28-03-2025,સંતરા,800,850,900
28-03-2025,તરબૂચ,100,200,300
28-03-2025,ક્મલમ,5150,5290,5430
28-03-2025,બદામ કેરી,1600,3300,5000
28-03-2025,હાફુસ કેરી,2000,4000,6000
28-03-2025,ટેટી,300,400,500
28-03-2025,દ્રાક્ષ,1000,1400,1800
28-03-2025,કેસર કેરી,2400,3000,3600
29-03-2025,જામફળ,100,250,400
29-03-2025,દાડમ,400,950,1500
29-03-2025,સફરજન,1400,2200,3000
29-03-2025,ચીકુ,400,550,700
29-03-2025,કેળા,400,500,600
29-03-2025,સંતરા,1500,1750,2000
29-03-2025,તરબૂચ,160,210,260
29-03-2025,ક્મલમ,3000,3200,3400
29-03-2025,ગુલાબ,1800,3400,5000
29-03-2025,બદામ કેરી,1600,1900,2200
29-03-2025,હાફુસ કેરી,2000,4300,6600
29-03-2025,ટેટી,200,350,500
29-03-2025,દ્રાક્ષ,600,1300,2000
29-03-2025,કેસર કેરી,500,1550,2600
30-03-2025,જામફળ,200,300,400
30-03-2025,સફરજન,1500,2000,2500
30-03-2025,ચીકુ,200,350,500
30-03-2025,કેળા,450,525,600
30-03-2025,હાફુસ કેરી,2000,3000,4000
30-03-2025,ટેટી,100,300,500
30-03-2025,દ્રાક્ષ,900,1250,1600
30-03-2025,કેસર કેરી,700,1700,2700
31-03-2025,જામફળ,100,250,400
31-03-2025,દાડમ,300,900,1500
31-03-2025,સફરજન,1600,2800,4000
31-03-2025,ચીકુ,400,600,800
31-03-2025,કેળા,400,480,560
31-03-2025,સંતરા,1600,1700,1800
31-03-2025,તરબૂચ,100,175,250
31-03-2025,ક્મલમ,6000,7000,8000
31-03-2025,મોસંબી,400,600,800
31-03-2025,ટેટી,200,350,500
31-03-2025,દ્રાક્ષ,600,1050,1500
31-03-2025,કીવી,5600,5800,6000
01-04-2025,જામફળ,200,250,300
01-04-2025,દાડમ,400,1000,1600
01-04-2025,સફરજન,1500,2550,3600
01-04-2025,ચીકુ,300,550,800
01-04-2025,કેળા,400,460,520
01-04-2025,સંતરા,1000,1435,1870
01-04-2025,તરબૂચ,100,150,200
01-04-2025,ક્મલમ,3000,4000,5000
01-04-2025,ગુલાબ,4200,4300,4400
01-04-2025,હાફુસ કેરી,2000,3000,4000
01-04-2025,મોસંબી,500,650,800
01-04-2025,ટેટી,100,300,500
01-04-2025,દ્રાક્ષ,700,1150,1600
01-04-2025,કીવી,4000,4500,5000
02-04-2025,જામફળ,200,300,400
02-04-2025,દાડમ,300,650,1000
02-04-2025,સફરજન,1400,2450,3500
02-04-2025,ચીકુ,400,600,800
02-04-2025,કેળા,420,490,560
02-04-2025,સંતરા,1740,1870,2000
02-04-2025,તરબૂચ,100,180,260
02-04-2025,ક્મલમ,3000,3500,4000
02-04-2025,ગુલાબ,3800,4000,4200
02-04-2025,હાફુસ કેરી,1600,2200,2800
02-04-2025,ટેટી,200,400,600
02-04-2025,દ્રાક્ષ,900,1250,1600
02-04-2025,કેસર કેરી,2400,4200,6000
03-04-2025,જામફળ,200,350,500
03-04-2025,દાડમ,500,1250,2000
03-04-2025,સફરજન,1500,2750,4000
03-04-2025,ચીકુ,300,550,800
03-04-2025,પોપૈયા,200,300,400
03-04-2025,કેળા,450,525,600
03-04-2025,સંતરા,1700,1800,1900
03-04-2025,તરબૂચ,100,175,250
03-04-2025,ક્મલમ,1600,2800,4000
03-04-2025,હાફુસ કેરી,2100,3050,4000
03-04-2025,ટેટી,200,350,500
03-04-2025,દ્રાક્ષ,800,1300,1800
03-04-2025,કીવી,3000,4000,5000
03-04-2025,કેસર કેરી,2000,3000,4000
04-04-2025,જામફળ,300,350,400
04-04-2025,દાડમ,300,850,1400
04-04-2025,સફરજન,2000,2800,3600
04-04-2025,ચીકુ,400,650,900
04-04-2025,કેળા,440,510,580
04-04-2025,સંતરા,1400,1635,1870
04-04-2025,તરબૂચ,100,200,300
04-04-2025,ક્મલમ,2400,3200,4000
04-04-2025,હાફુસ કેરી,1600,3000,4400
04-04-2025,મોસંબી,400,550,700
04-04-2025,ટેટી,100,300,500
04-04-2025,દ્રાક્ષ,1000,1450,1900
04-04-2025,કેસર કેરી,1600,2800,4000
05-04-2025,દાડમ,800,1400,2000
05-04-2025,સફરજન,1400,2500,3600
05-04-2025,ચીકુ,300,500,700
05-04-2025,પોપૈયા,220,330,440
05-04-2025,કેળા,400,500,600
05-04-2025,સંતરા,1000,1440,1880
05-04-2025,તરબૂચ,100,200,300
05-04-2025,ક્મલમ,3000,3500,4000
05-04-2025,હાફુસ કેરી,3000,4500,6000
05-04-2025,મોસંબી,400,550,700
05-04-2025,ટેટી,100,300,500
05-04-2025,દ્રાક્ષ,500,1150,1800
05-04-2025,કેસર કેરી,1400,2200,3000
06-04-2025,દાડમ,300,1150,2000
06-04-2025,સફરજન,1500,2500,3500
06-04-2025,ચીકુ,200,500,800
06-04-2025,કેળા,300,450,600
06-04-2025,સંતરા,1200,1470,1740
06-04-2025,તરબૂચ,100,150,200
06-04-2025,ક્મલમ,6000,7000,8000
06-04-2025,બદામ કેરી,600,700,800
06-04-2025,હાફુસ કેરી,1800,2900,4000
06-04-2025,મોસંબી,400,700,1000
06-04-2025,ટેટી,120,310,500
06-04-2025,દ્રાક્ષ,600,950,1300
06-04-2025,કેસર કેરી,800,2200,3600
07-04-2025,જામફળ,100,200,300
07-04-2025,દાડમ,500,1250,2000
07-04-2025,સફરજન,1500,2550,3600
07-04-2025,ચીકુ,400,550,700
07-04-2025,કેળા,400,500,600
07-04-2025,સંતરા,1400,1570,1740
07-04-2025,તરબૂચ,150,200,250
07-04-2025,બદામ કેરી,1000,1500,2000
07-04-2025,હાફુસ કેરી,3000,3500,4000
07-04-2025,મોસંબી,500,750,1000
07-04-2025,ટેટી,100,350,600
07-04-2025,દ્રાક્ષ,600,1100,1600
07-04-2025,કેસર કેરી,700,2350,4000
08-04-2025,દાડમ,800,1400,2000
08-04-2025,સફરજન,1400,2500,3600
08-04-2025,ચીકુ,300,500,700
08-04-2025,પોપૈયા,300,400,500
08-04-2025,કેળા,450,500,550
08-04-2025,સંતરા,1400,1600,1800
08-04-2025,તરબૂચ,100,160,220
08-04-2025,ક્મલમ,3000,3500,4000
08-04-2025,ગુલાબ,3600,3800,4000
08-04-2025,બદામ કેરી,500,1150,1800
08-04-2025,હાફુસ કેરી,2000,2500,3000
08-04-2025,આબલી,3800,3900,4000
08-04-2025,મોસંબી,600,700,800
08-04-2025,ટેટી,200,400,600
08-04-2025,દ્રાક્ષ,800,1250,1700
08-04-2025,કીવી,4000,4100,4200
08-04-2025,કેસર કેરી,800,2400,4000
09-04-2025,જામફળ,100,200,300
09-04-2025,દાડમ,400,800,1200
09-04-2025,સફરજન,1500,2500,3500
09-04-2025,ચીકુ,200,450,700
09-04-2025,કેળા,450,525,600
09-04-2025,સંતરા,800,1270,1740
09-04-2025,ક્મલમ,3050,3550,4050
09-04-2025,બદામ કેરી,600,650,700
09-04-2025,હાફુસ કેરી,1600,2800,4000
09-04-2025,મોસંબી,400,700,1000
09-04-2025,ટેટી,100,300,500
09-04-2025,દ્રાક્ષ,500,1050,1600
09-04-2025,કેસર કેરી,500,1550,2600
